{
  "navigationBarTitleText": "",
  "usingComponents": {
    "wux-search-bar": "../../dist/search-bar/index",
    "wux-notice-bar": "../../dist/notice-bar/index",
    "wux-swipe-action-group": "../../dist/swipe-action-group/index",
    "wux-swipe-action": "../../dist/swipe-action/index",
    "wux-cell-group": "../../dist/cell-group/index",
    "wux-cell": "../../dist/cell/index",
    "wux-icon": "../../dist/icon/index",
    "wux-wing-blank": "../../dist/wing-blank/index",
    "wux-white-space": "../../dist/white-space/index"
  
  }
}